<?xml version="1.0" encoding="UTF-8"?>
<!-- ***************************************************************************************************************
 *                                                MagicKeyboard                                                    *
 *******************************************************************************************************************
 * File:             ModsMini.xml                                                                                  *
 * Copyright:        (c) 2011 alimonda.com; Emanuele Alimonda                                                      *
 *                   This software is free software: you can redistribute it and/or modify it under the terms of   *
 *                       the GNU General Public License as published by the Free Software Foundation, either       *
 *                       version 3 of the License, or (at your option) any later version.                          *
 *                   This software is distributed in the hope that it will be useful, but WITHOUT ANY WARRANTY;    *
 *                       without even the implied warranty of MERCHANTABILITY or FITNESS FOR A PARTICULAR PURPOSE. *
 *                   See the GNU General Public License for more details.                                          *
 *                   You should have received a copy of the GNU General Public License along with this program.    *
 *                       If not, see <http://www.gnu.org/licenses/>                                                *
 *******************************************************************************************************************
 * $Id:: ModsMini.xml 5 2011-03-06 18:27:50Z emanuele.alimonda@gmail.com               $: SVN Info                 *
 * $Date:: 2011-03-06 19:27:50 +0100 (Sun, 06 Mar 2011)                                $: Last modification        *
 * $Author:: emanuele.alimonda@gmail.com                                               $: Last modification author *
 * $Revision:: 5                                                                       $: SVN Revision             *
 **************************************************************************************************************** -->
<layout name="Mini Modifiers Keyboard">
	<background filename="ModsMini.png" width="480" height="186" />
	<buttons>
		<button letter="ESC"    keycode="53"  xStart="8"   xEnd="59"  yStart="129" yEnd="177" />
		<button letter="F1"     keycode="122" xStart="70"  xEnd="121" yStart="129" yEnd="177" />
		<button letter="F2"     keycode="120" xStart="132" xEnd="183" yStart="129" yEnd="177" />
		<button letter="F3"     keycode="99"  xStart="195" xEnd="246" yStart="129" yEnd="177" />
		<button letter="F4"     keycode="118" xStart="258" xEnd="309" yStart="129" yEnd="177" />
		<button letter="F5"     keycode="96"  xStart="322" xEnd="373" yStart="129" yEnd="177" />
		<button letter="F6"     keycode="97"  xStart="386" xEnd="437" yStart="129" yEnd="177" />
		<button letter="F7"     keycode="98"  xStart="8"   xEnd="59"  yStart="67"  yEnd="117" />
		<button letter="F8"     keycode="100" xStart="70"  xEnd="121" yStart="67"  yEnd="117" />
		<button letter="F9"     keycode="101" xStart="132" xEnd="183" yStart="67"  yEnd="117" />
		<button letter="F10"    keycode="109" xStart="195" xEnd="246" yStart="67"  yEnd="117" />
		<button letter="F11"    keycode="103" xStart="258" xEnd="309" yStart="67"  yEnd="117" />
		<button letter="F12"    keycode="111" xStart="316" xEnd="367" yStart="67"  yEnd="117" />
		<button letter="QWERTY" keycode="0"   xStart="8"   xEnd="59"  yStart="8"   yEnd="57"  />
		<button letter="CTRL"   keycode="59"  xStart="70"  xEnd="121" yStart="8"   yEnd="57"  />
		<button letter="ALT"    keycode="58"  xStart="132" xEnd="183" yStart="8"   yEnd="57"  />
		<button letter="CMD"    keycode="55"  xStart="195" xEnd="246" yStart="8"   yEnd="57"  />
		<button letter="TAB"    keycode="48"  xStart="258" xEnd="309" yStart="8"   yEnd="57"  />
		<button letter="UP"     keycode="126" xStart="376" xEnd="424" yStart="60"  yEnd="115" />
		<button letter="DOWN"   keycode="125" xStart="376" xEnd="424" yStart="2"   yEnd="57"  />
		<button letter="LEFT"   keycode="123" xStart="322" xEnd="370" yStart="2"   yEnd="57"  />
		<button letter="RIGHT"  keycode="124" xStart="429" xEnd="477" yStart="2"   yEnd="57"  />
	</buttons>
</layout>
