<?xml version="1.0" encoding="UTF-8"?>
<!-- ***************************************************************************************************************
 *                                                MagicKeyboard                                                    *
 *******************************************************************************************************************
 * File:             NumsMini.xml                                                                                  *
 * Copyright:        (c) 2011 alimonda.com; Emanuele Alimonda                                                      *
 *                   This software is free software: you can redistribute it and/or modify it under the terms of   *
 *                       the GNU General Public License as published by the Free Software Foundation, either       *
 *                       version 3 of the License, or (at your option) any later version.                          *
 *                   This software is distributed in the hope that it will be useful, but WITHOUT ANY WARRANTY;    *
 *                       without even the implied warranty of MERCHANTABILITY or FITNESS FOR A PARTICULAR PURPOSE. *
 *                   See the GNU General Public License for more details.                                          *
 *                   You should have received a copy of the GNU General Public License along with this program.    *
 *                       If not, see <http://www.gnu.org/licenses/>                                                *
 *******************************************************************************************************************
 * $Id:: NumPadFull.xml 5 2011-03-06 18:27:50Z emanuele.alimonda@gmail.com             $: SVN Info                 *
 * $Date:: 2011-03-06 19:27:50 +0100 (Sun, 06 Mar 2011)                                $: Last modification        *
 * $Author:: emanuele.alimonda@gmail.com                                               $: Last modification author *
 * $Revision:: 5                                                                       $: SVN Revision             *
 **************************************************************************************************************** -->
<layout name="Full Numeric Keypad">
	<background filename="NumPadFull.png" width="480" height="360" />
	<buttons>
		<button letter="0"      keycode="82"  xStart="95"  xEnd="240" yStart="5"   yEnd="73"  />
		<button letter="."      keycode="65"  xStart="247" xEnd="315" yStart="5"   yEnd="73"  />
		<button letter="1"      keycode="83"  xStart="95"  xEnd="162" yStart="78"  yEnd="144" />
		<button letter="2"      keycode="84"  xStart="172" xEnd="240" yStart="78"  yEnd="144" />
		<button letter="3"      keycode="85"  xStart="247" xEnd="315" yStart="78"  yEnd="144" />
		<button letter="4"      keycode="86"  xStart="95"  xEnd="162" yStart="149" yEnd="215" />
		<button letter="5"      keycode="87"  xStart="172" xEnd="240" yStart="149" yEnd="215" />
		<button letter="6"      keycode="88"  xStart="247" xEnd="315" yStart="149" yEnd="215" />
		<button letter="7"      keycode="89"  xStart="95"  xEnd="162" yStart="220" yEnd="286" />
		<button letter="8"      keycode="91"  xStart="172" xEnd="240" yStart="220" yEnd="286" />
		<button letter="9"      keycode="92"  xStart="247" xEnd="315" yStart="220" yEnd="286" />
		<button letter="RETURN" keycode="76"  xStart="323" xEnd="391" yStart="5"   yEnd="144" />
		<button letter="+"      keycode="69"  xStart="323" xEnd="391" yStart="149" yEnd="286" />
		<button letter="-"      keycode="78"  xStart="323" xEnd="391" yStart="289" yEnd="355" />
		<button letter="*"      keycode="67"  xStart="247" xEnd="315" yStart="289" yEnd="355" />
		<button letter="/"      keycode="75"  xStart="172" xEnd="240" yStart="289" yEnd="355" />
		<button letter="CLEAR"  keycode="71"  xStart="95"  xEnd="162" yStart="289" yEnd="355" />
	</buttons>
</layout>
