<?xml version="1.0" encoding="UTF-8"?>
<!-- ***************************************************************************************************************
 *                                                MagicKeyboard                                                    *
 *******************************************************************************************************************
 * File:             NumsMini.xml                                                                                  *
 * Copyright:        (c) 2011 alimonda.com; Emanuele Alimonda                                                      *
 *                   This software is free software: you can redistribute it and/or modify it under the terms of   *
 *                       the GNU General Public License as published by the Free Software Foundation, either       *
 *                       version 3 of the License, or (at your option) any later version.                          *
 *                   This software is distributed in the hope that it will be useful, but WITHOUT ANY WARRANTY;    *
 *                       without even the implied warranty of MERCHANTABILITY or FITNESS FOR A PARTICULAR PURPOSE. *
 *                   See the GNU General Public License for more details.                                          *
 *                   You should have received a copy of the GNU General Public License along with this program.    *
 *                       If not, see <http://www.gnu.org/licenses/>                                                *
 *******************************************************************************************************************
 * $Id:: NumsMini.xml 5 2011-03-06 18:27:50Z emanuele.alimonda@gmail.com               $: SVN Info                 *
 * $Date:: 2011-03-06 19:27:50 +0100 (Sun, 06 Mar 2011)                                $: Last modification        *
 * $Author:: emanuele.alimonda@gmail.com                                               $: Last modification author *
 * $Revision:: 5                                                                       $: SVN Revision             *
 **************************************************************************************************************** -->
<layout name="Mini Numbers Keyboard">
	<background filename="NumsMini.png" width="480" height="186" />
	<buttons>
		<button letter="1"      keycode="18"  xStart="3"   xEnd="44"  yStart="142" yEnd="179" />
		<button letter="2"      keycode="19"  xStart="50"  xEnd="92"  yStart="142" yEnd="179" />
		<button letter="3"      keycode="20"  xStart="99"  xEnd="140" yStart="142" yEnd="179" />
		<button letter="4"      keycode="21"  xStart="147" xEnd="188" yStart="142" yEnd="179" />
		<button letter="5"      keycode="23"  xStart="195" xEnd="236" yStart="142" yEnd="179" />
		<button letter="6"      keycode="22"  xStart="243" xEnd="284" yStart="142" yEnd="179" />
		<button letter="7"      keycode="26"  xStart="291" xEnd="332" yStart="142" yEnd="179" />
		<button letter="8"      keycode="28"  xStart="339" xEnd="380" yStart="142" yEnd="179" />
		<button letter="9"      keycode="25"  xStart="387" xEnd="428" yStart="142" yEnd="179" />
		<button letter="0"      keycode="29"  xStart="435" xEnd="476" yStart="142" yEnd="179" />
		<button letter="-"      keycode="27"  xStart="3"   xEnd="44"  yStart="96"  yEnd="133" />
		<button letter="/"      keycode="44"  xStart="50"  xEnd="92"  yStart="96"  yEnd="133" />
		<button letter=":"      keycode="S41" xStart="99"  xEnd="140" yStart="96"  yEnd="133" />
		<button letter=";"      keycode="41"  xStart="147" xEnd="188" yStart="96"  yEnd="133" />
		<button letter="("      keycode="S25" xStart="195" xEnd="236" yStart="96"  yEnd="133" />
		<button letter=")"      keycode="S29" xStart="243" xEnd="284" yStart="96"  yEnd="133" />
		<button letter="$"      keycode="S21" xStart="291" xEnd="332" yStart="96"  yEnd="133" />
		<button letter="&amp;"  keycode="S26" xStart="339" xEnd="380" yStart="96"  yEnd="133" />
		<button letter="@"      keycode="S19" xStart="387" xEnd="428" yStart="96"  yEnd="133" />
		<button letter="&quot;" keycode="S39" xStart="435" xEnd="476" yStart="96"  yEnd="133" />
		<button letter="SYMS"   keycode=""    xStart="3"   xEnd="56"  yStart="50"  yEnd="87"  />
		<button letter="."      keycode="47"  xStart="75"  xEnd="135" yStart="50"  yEnd="87"  />
		<button letter=","      keycode="43"  xStart="142" xEnd="202" yStart="50"  yEnd="87"  />
		<button letter="?"      keycode="S44" xStart="209" xEnd="270" yStart="50"  yEnd="87"  />
		<button letter="!"      keycode="S18" xStart="277" xEnd="337" yStart="50"  yEnd="87"  />
		<button letter="&apos;" keycode="39"  xStart="344" xEnd="404" yStart="50"  yEnd="87"  />
		<button letter="DELETE" keycode="51"  xStart="423" xEnd="476" yStart="50"  yEnd="87"  />
		<button letter="QWERTY" keycode=""    xStart="4"   xEnd="91"  yStart="3"   yEnd="41"  />
		<button letter=" "      keycode="49"  xStart="100" xEnd="379" yStart="3"   yEnd="41"  />
		<button letter="RETURN" keycode="36"  xStart="388" xEnd="475" yStart="3"   yEnd="41"  />
	</buttons>
</layout>
